{"_wandb":{"runtime":398},"test/runtime":2.4742,"_timestamp":1.7829400299482627e+09,"eval/f1":0.899488926746167,"_runtime":398,"train/grad_norm":0.04402323067188263,"eval/samples_per_second":199.727,"train/global_step":1377,"test/loss":0.753894031047821,"train_steps_per_second":5.982,"_step":141,"train_runtime":230.1742,"test/steps_per_second":20.613,"eval/loss":0.753894031047821,"test/f1":0.899488926746167,"train/learning_rate":2.904865649963689e-07,"train_loss":0.3352270592748037,"eval/steps_per_second":24.966,"train/loss":0.10586762428283691,"test/accuracy":0.8553921568627451,"eval/accuracy":0.8553921568627451,"train_samples_per_second":47.807,"eval/runtime":2.0428,"train/epoch":3,"test/samples_per_second":164.903,"total_flos":5.8091632135296e+14}